Name,Team,Number,Position,Age,Height,Weight,College,Salary
Avery Bradley,Boston Celtics,0,PG,25,164,180,Texas,7730337.0
Jae Crowder,Boston Celtics,99,SF,25,180,235,Marquette,6796117.0
R.J. Hunter,Boston Celtics,28,SG,22,174,185,Georgia State,1148640.0
Jonas Jerebko,Boston Celtics,8,PF,29,154,231,nan,5000000.0
Amir Johnson,Boston Celtics,90,PF,29,165,240,nan,12000000.0
Jordan Mickey,Boston Celtics,55,PF,21,173,235,LSU,1170960.0
Kelly Olynyk,Boston Celtics,41,C,25,151,238,Gonzaga,2165160.0
Terry Rozier,Boston Celtics,12,PG,22,163,190,Louisville,1824360.0
Marcus Smart,Boston Celtics,36,PG,22,162,220,Oklahoma State,3431040.0
Jared Sullinger,Boston Celtics,7,C,24,180,260,Ohio State,2569260.0
Isaiah Thomas,Boston Celtics,4,PG,27,162,185,Washington,6912869.0
Evan Turner,Boston Celtics,11,SG,27,180,220,Ohio State,3425510.0
James Young,Boston Celtics,13,SG,20,169,215,Kentucky,1749840.0
Tyler Zeller,Boston Celtics,44,C,26,173,253,North Carolina,2616975.0
Bojan Bogdanovic,Brooklyn Nets,44,SG,27,167,216,nan,3425510.0
Markel Brown,Brooklyn Nets,22,SG,24,167,190,Oklahoma State,845059.0
Wayne Ellington,Brooklyn Nets,21,SG,28,155,200,North Carolina,1500000.0
Rondae Hollis-Jefferson,Brooklyn Nets,24,SG,21,173,220,Arizona,1335480.0
Jarrett Jack,Brooklyn Nets,2,PG,32,167,200,Georgia Tech,6300000.0
Sergey Karasev,Brooklyn Nets,10,SG,22,173,208,nan,1599840.0
Sean Kilpatrick,Brooklyn Nets,6,SG,26,175,219,Cincinnati,134215.0
Shane Larkin,Brooklyn Nets,0,PG,23,177,175,Miami (FL),1500000.0
Brook Lopez,Brooklyn Nets,11,C,28,170,275,Stanford,19689000.0
Chris McCullough,Brooklyn Nets,1,PF,21,153,200,Syracuse,1140240.0
Willie Reed,Brooklyn Nets,33,PF,26,161,220,Saint Louis,947276.0
Thomas Robinson,Brooklyn Nets,41,PF,25,156,237,Kansas,981348.0
Henry Sims,Brooklyn Nets,14,C,26,175,248,Georgetown,947276.0
Donald Sloan,Brooklyn Nets,15,PG,28,180,205,Texas A&M,947276.0
Thaddeus Young,Brooklyn Nets,30,PF,27,172,221,Georgia Tech,11235955.0
Arron Afflalo,New York Knicks,4,SG,30,170,210,UCLA,8000000.0
Lou Amundson,New York Knicks,17,PF,33,170,220,UNLV,1635476.0
Thanasis Antetokounmpo,New York Knicks,43,SF,23,178,205,nan,30888.0
Carmelo Anthony,New York Knicks,7,SF,32,172,240,Syracuse,22875000.0
Jose Calderon,New York Knicks,3,PG,34,155,200,nan,7402812.0
Cleanthony Early,New York Knicks,11,SF,25,150,210,Wichita State,845059.0
Langston Galloway,New York Knicks,2,SG,24,160,200,Saint Joseph's,845059.0
Jerian Grant,New York Knicks,13,PG,23,160,195,Notre Dame,1572360.0
Robin Lopez,New York Knicks,8,C,28,176,255,Stanford,12650000.0
Kyle O'Quinn,New York Knicks,9,PF,26,170,250,Norfolk State,3750000.0
Kristaps Porzingis,New York Knicks,6,PF,20,177,240,nan,4131720.0
Kevin Seraphin,New York Knicks,1,C,26,171,278,nan,2814000.0
Lance Thomas,New York Knicks,42,SF,28,156,235,Duke,1636842.0
Sasha Vujacic,New York Knicks,18,SG,32,180,195,nan,947276.0
Derrick Williams,New York Knicks,23,PF,25,158,240,Arizona,4000000.0
Tony Wroten,New York Knicks,5,SG,23,151,205,Washington,167406.0
Isaiah Canaan,Philadelphia 76ers,0,PG,25,158,201,Murray State,947276.0
Robert Covington,Philadelphia 76ers,33,SF,25,172,215,Tennessee State,1000000.0
Joel Embiid,Philadelphia 76ers,21,C,22,163,250,Kansas,4626960.0
Jerami Grant,Philadelphia 76ers,39,SF,22,163,210,Syracuse,845059.0
Richaun Holmes,Philadelphia 76ers,22,PF,22,175,245,Bowling Green,1074169.0
Carl Landry,Philadelphia 76ers,7,PF,32,166,248,Purdue,6500000.0
Kendall Marshall,Philadelphia 76ers,5,PG,24,170,200,North Carolina,2144772.0
T.J. McConnell,Philadelphia 76ers,12,PG,24,178,200,Arizona,525093.0
Nerlens Noel,Philadelphia 76ers,4,PF,22,175,228,Kentucky,3457800.0
Jahlil Okafor,Philadelphia 76ers,8,C,20,155,275,Duke,4582680.0
Ish Smith,Philadelphia 76ers,1,PG,27,154,175,Wake Forest,947276.0
Nik Stauskas,Philadelphia 76ers,11,SG,22,175,205,Michigan,2869440.0
Hollis Thompson,Philadelphia 76ers,31,SG,25,171,206,Georgetown,947276.0
Christian Wood,Philadelphia 76ers,35,PF,20,151,220,UNLV,525093.0
Bismack Biyombo,Toronto Raptors,8,C,23,162,245,nan,2814000.0
Bruno Caboclo,Toronto Raptors,20,SF,20,163,205,nan,1524000.0
DeMarre Carroll,Toronto Raptors,5,SF,29,175,212,Missouri,13600000.0
DeMar DeRozan,Toronto Raptors,10,SG,26,155,220,USC,10050000.0
James Johnson,Toronto Raptors,3,PF,29,164,250,Wake Forest,2500000.0
Cory Joseph,Toronto Raptors,6,PG,24,150,190,Texas,7000000.0
Kyle Lowry,Toronto Raptors,7,PG,30,169,205,Villanova,12000000.0
Lucas Nogueira,Toronto Raptors,92,C,23,178,220,nan,1842000.0
Patrick Patterson,Toronto Raptors,54,PF,27,154,235,Kentucky,6268675.0
Norman Powell,Toronto Raptors,24,SG,23,157,215,UCLA,650000.0
Terrence Ross,Toronto Raptors,31,SF,25,160,195,Washington,3553917.0
Luis Scola,Toronto Raptors,4,PF,36,175,240,nan,2900000.0
Jason Thompson,Toronto Raptors,1,PF,29,174,250,Rider,245177.0
Jonas Valanciunas,Toronto Raptors,17,C,24,177,255,nan,4660482.0
Delon Wright,Toronto Raptors,55,PG,24,159,190,Utah,1509360.0
Leandro Barbosa,Golden State Warriors,19,SG,33,161,194,nan,2500000.0
Harrison Barnes,Golden State Warriors,40,SF,24,150,225,North Carolina,3873398.0
Andrew Bogut,Golden State Warriors,12,C,31,178,260,Utah,13800000.0
Ian Clark,Golden State Warriors,21,SG,25,176,175,Belmont,947276.0
Stephen Curry,Golden State Warriors,30,PG,28,165,190,Davidson,11370786.0
Festus Ezeli,Golden State Warriors,31,C,26,180,265,Vanderbilt,2008748.0
Draymond Green,Golden State Warriors,23,PF,26,169,230,Michigan State,14260870.0
Andre Iguodala,Golden State Warriors,9,SF,32,174,215,Arizona,11710456.0
Shaun Livingston,Golden State Warriors,34,PG,30,153,192,nan,5543725.0
Kevon Looney,Golden State Warriors,36,SF,20,150,220,UCLA,1131960.0
James Michael McAdoo,Golden State Warriors,20,SF,23,151,240,North Carolina,845059.0
Brandon Rush,Golden State Warriors,4,SF,30,153,220,Kansas,1270964.0
Marreese Speights,Golden State Warriors,5,C,28,166,255,Florida,3815000.0
Klay Thompson,Golden State Warriors,11,SG,26,152,215,Washington State,15501000.0
Anderson Varejao,Golden State Warriors,18,PF,33,157,273,nan,289755.0
Cole Aldrich,Los Angeles Clippers,45,C,27,160,250,Kansas,1100602.0
Jeff Ayres,Los Angeles Clippers,19,PF,29,151,250,Arizona State,111444.0
Jamal Crawford,Los Angeles Clippers,11,SG,36,169,195,Michigan,5675000.0
Branden Dawson,Los Angeles Clippers,22,SF,23,151,225,Michigan State,525093.0
Jeff Green,Los Angeles Clippers,8,SF,29,173,235,Georgetown,9650000.0
Blake Griffin,Los Angeles Clippers,32,PF,27,158,251,Oklahoma,18907726.0
Wesley Johnson,Los Angeles Clippers,33,SF,28,166,215,Syracuse,1100602.0
DeAndre Jordan,Los Angeles Clippers,6,C,27,171,265,Texas A&M,19689000.0
Luc Richard Mbah a Moute,Los Angeles Clippers,12,PF,29,167,230,UCLA,947276.0
Chris Paul,Los Angeles Clippers,3,PG,31,152,175,Wake Forest,21468695.0
Paul Pierce,Los Angeles Clippers,34,SF,38,173,235,Kansas,3376000.0
Pablo Prigioni,Los Angeles Clippers,9,PG,39,168,185,nan,947726.0
JJ Redick,Los Angeles Clippers,4,SG,31,164,190,Duke,7085000.0
Austin Rivers,Los Angeles Clippers,25,PG,23,160,200,Duke,3110796.0
C.J. Wilcox,Los Angeles Clippers,30,SG,25,169,195,Washington,1159680.0
Brandon Bass,Los Angeles Lakers,2,PF,31,178,250,LSU,3000000.0
Tarik Black,Los Angeles Lakers,28,C,24,177,250,Kansas,845059.0
Anthony Brown,Los Angeles Lakers,3,SF,23,155,210,Stanford,700000.0
Kobe Bryant,Los Angeles Lakers,24,SF,37,165,212,nan,25000000.0
Jordan Clarkson,Los Angeles Lakers,6,PG,24,171,194,Missouri,845059.0
Roy Hibbert,Los Angeles Lakers,17,C,29,161,270,Georgetown,15592217.0
Marcelo Huertas,Los Angeles Lakers,9,PG,33,158,200,nan,525093.0
Ryan Kelly,Los Angeles Lakers,4,PF,25,155,230,Duke,1724250.0
Larry Nance Jr.,Los Angeles Lakers,7,PF,23,168,230,Wyoming,1155600.0
Julius Randle,Los Angeles Lakers,30,PF,21,179,250,Kentucky,3132240.0
D'Angelo Russell,Los Angeles Lakers,1,PG,20,175,195,Ohio State,5103120.0
Robert Sacre,Los Angeles Lakers,50,C,27,152,270,Gonzaga,981348.0
Louis Williams,Los Angeles Lakers,23,SG,29,178,175,nan,7000000.0
Metta World Peace,Los Angeles Lakers,37,SF,36,169,260,St. John's,947276.0
Nick Young,Los Angeles Lakers,0,SF,31,180,210,USC,5219169.0
Eric Bledsoe,Phoenix Suns,2,PG,26,154,190,Kentucky,13500000.0
Devin Booker,Phoenix Suns,1,SG,19,176,206,Kentucky,2127840.0
Chase Budinger,Phoenix Suns,10,SF,28,160,209,Arizona,206192.0
Tyson Chandler,Phoenix Suns,4,C,33,162,240,nan,13000000.0
Archie Goodwin,Phoenix Suns,20,SG,21,166,200,Kentucky,1160160.0
John Jenkins,Phoenix Suns,23,SG,25,153,215,Vanderbilt,981348.0
Brandon Knight,Phoenix Suns,3,PG,24,152,189,Kentucky,13500000.0
Alex Len,Phoenix Suns,21,C,22,172,260,Maryland,3807120.0
Jon Leuer,Phoenix Suns,30,PF,27,161,228,Wisconsin,1035000.0
Phil Pressey,Phoenix Suns,25,PG,25,163,175,Missouri,55722.0
Ronnie Price,Phoenix Suns,14,PG,32,180,190,Utah Valley,947276.0
Mirza Teletovic,Phoenix Suns,35,PF,30,159,242,nan,5500000.0
P.J. Tucker,Phoenix Suns,17,SF,31,175,245,Texas,5500000.0
T.J. Warren,Phoenix Suns,12,SF,22,160,230,North Carolina State,2041080.0
Alan Williams,Phoenix Suns,15,C,23,154,260,UC Santa Barbara,83397.0
Quincy Acy,Sacramento Kings,13,SF,25,155,240,Baylor,981348.0
James Anderson,Sacramento Kings,5,SG,27,164,213,Oklahoma State,1015421.0
Marco Belinelli,Sacramento Kings,3,SG,30,172,210,nan,6060606.0
Caron Butler,Sacramento Kings,31,SF,36,175,228,Connecticut,1449187.0
Omri Casspi,Sacramento Kings,18,SF,27,166,225,nan,2836186.0
Willie Cauley-Stein,Sacramento Kings,0,C,22,169,240,Kentucky,3398280.0
Darren Collison,Sacramento Kings,7,PG,28,161,175,UCLA,5013559.0
DeMarcus Cousins,Sacramento Kings,15,C,25,166,270,Kentucky,15851950.0
Seth Curry,Sacramento Kings,30,SG,25,162,185,Duke,947276.0
Duje Dukan,Sacramento Kings,26,PF,24,173,220,Wisconsin,525093.0
Rudy Gay,Sacramento Kings,8,SF,29,170,230,Connecticut,12403101.0
Kosta Koufos,Sacramento Kings,41,C,27,170,265,Ohio State,7700000.0
Ben McLemore,Sacramento Kings,23,SG,23,175,195,Kansas,3156600.0
Eric Moreland,Sacramento Kings,25,PF,24,175,238,Oregon State,845059.0
Rajon Rondo,Sacramento Kings,9,PG,30,167,186,Kentucky,9500000.0
Cameron Bairstow,Chicago Bulls,41,PF,25,158,250,New Mexico,845059.0
Aaron Brooks,Chicago Bulls,0,PG,31,176,161,Oregon,2250000.0
Jimmy Butler,Chicago Bulls,21,SG,26,161,220,Marquette,16407500.0
Mike Dunleavy,Chicago Bulls,34,SG,35,161,230,Duke,4500000.0
Cristiano Felicio,Chicago Bulls,6,PF,23,161,275,nan,525093.0
Pau Gasol,Chicago Bulls,16,C,35,167,250,nan,7448760.0
Taj Gibson,Chicago Bulls,22,PF,30,170,225,USC,8500000.0
Justin Holiday,Chicago Bulls,7,SG,27,160,185,Washington,947276.0
Doug McDermott,Chicago Bulls,3,SF,24,151,225,Creighton,2380440.0
Nikola Mirotic,Chicago Bulls,44,PF,25,171,220,nan,5543725.0
E'Twaun Moore,Chicago Bulls,55,SG,27,151,191,Purdue,1015421.0
Joakim Noah,Chicago Bulls,13,C,31,165,232,Florida,13400000.0
Bobby Portis,Chicago Bulls,5,PF,21,174,230,Arkansas,1391160.0
Derrick Rose,Chicago Bulls,1,PG,27,170,190,Memphis,20093064.0
Tony Snell,Chicago Bulls,20,SF,24,151,200,New Mexico,1535880.0
Matthew Dellavedova,Cleveland Cavaliers,8,PG,25,171,198,Saint Mary's,1147276.0
Channing Frye,Cleveland Cavaliers,9,PF,33,168,255,Arizona,8193029.0
Kyrie Irving,Cleveland Cavaliers,2,PG,24,176,193,Duke,16407501.0
LeBron James,Cleveland Cavaliers,23,SF,31,167,250,nan,22970500.0
Richard Jefferson,Cleveland Cavaliers,24,SF,35,150,233,Arizona,947276.0
James Jones,Cleveland Cavaliers,1,SG,35,155,218,Miami (FL),947276.0
Sasha Kaun,Cleveland Cavaliers,14,C,31,151,260,Kansas,1276000.0
Kevin Love,Cleveland Cavaliers,0,PF,27,177,251,UCLA,19689000.0
Jordan McRae,Cleveland Cavaliers,12,SG,25,158,179,Tennessee,111196.0
Timofey Mozgov,Cleveland Cavaliers,20,C,29,155,275,nan,4950000.0
Iman Shumpert,Cleveland Cavaliers,4,SG,25,176,220,Georgia Tech,8988765.0
J.R. Smith,Cleveland Cavaliers,5,SG,30,153,225,nan,5000000.0
Tristan Thompson,Cleveland Cavaliers,13,C,25,168,238,Texas,14260870.0
Mo Williams,Cleveland Cavaliers,52,PG,33,175,198,Alabama,2100000.0
Joel Anthony,Detroit Pistons,50,C,33,159,245,UNLV,2500000.0
Aron Baynes,Detroit Pistons,12,C,29,160,260,Washington State,6500000.0
Steve Blake,Detroit Pistons,22,PG,36,163,172,Maryland,2170465.0
Lorenzo Brown,Detroit Pistons,17,PG,25,153,189,North Carolina State,111444.0
Reggie Bullock,Detroit Pistons,25,SF,25,178,205,North Carolina,1252440.0
Kentavious Caldwell-Pope,Detroit Pistons,5,SG,23,174,205,Georgia,2891760.0
Spencer Dinwiddie,Detroit Pistons,8,PG,23,177,200,Colorado,845059.0
Andre Drummond,Detroit Pistons,0,C,22,158,279,Connecticut,3272091.0
Tobias Harris,Detroit Pistons,34,SF,23,176,235,Tennessee,16000000.0
Darrun Hilliard,Detroit Pistons,6,SF,23,174,205,Villanova,600000.0
Reggie Jackson,Detroit Pistons,1,PG,26,161,208,Boston College,13913044.0
Stanley Johnson,Detroit Pistons,3,SF,20,151,245,Arizona,2841960.0
Jodie Meeks,Detroit Pistons,20,SG,28,151,210,Kentucky,6270000.0
Marcus Morris,Detroit Pistons,13,PF,26,152,235,Kansas,5000000.0
Anthony Tolliver,Detroit Pistons,43,PF,31,156,240,Creighton,3000000.0
Lavoy Allen,Indiana Pacers,5,PF,27,152,255,Temple,4050000.0
Rakeem Christmas,Indiana Pacers,25,PF,24,180,250,Syracuse,1007026.0
Monta Ellis,Indiana Pacers,11,SG,30,159,185,nan,10300000.0
Paul George,Indiana Pacers,13,SF,26,157,220,Fresno State,17120106.0
George Hill,Indiana Pacers,3,PG,30,164,188,IUPUI,8000000.0
Jordan Hill,Indiana Pacers,27,C,28,175,235,Arizona,4000000.0
Solomon Hill,Indiana Pacers,44,SF,25,156,225,Arizona,1358880.0
Ty Lawson,Indiana Pacers,10,PG,28,166,195,North Carolina,211744.0
Ian Mahinmi,Indiana Pacers,28,C,29,171,250,nan,4000000.0
C.J. Miles,Indiana Pacers,0,SF,29,163,231,nan,4394225.0
Glenn Robinson III,Indiana Pacers,40,SG,22,179,222,Michigan,1100000.0
Rodney Stuckey,Indiana Pacers,2,PG,30,163,205,Eastern Washington,7000000.0
Myles Turner,Indiana Pacers,33,PF,20,169,243,Texas,2357760.0
Shayne Whittington,Indiana Pacers,42,PF,25,176,250,Western Michigan,845059.0
Joe Young,Indiana Pacers,1,PG,23,158,180,Oregon,1007026.0
Giannis Antetokounmpo,Milwaukee Bucks,34,SF,21,160,222,nan,1953960.0
Jerryd Bayless,Milwaukee Bucks,19,PG,27,171,200,Arizona,3000000.0
Michael Carter-Williams,Milwaukee Bucks,5,PG,24,180,190,Syracuse,2399040.0
Jared Cunningham,Milwaukee Bucks,9,SG,25,166,195,Oregon State,947276.0
Tyler Ennis,Milwaukee Bucks,11,PG,21,154,194,Syracuse,1662360.0
John Henson,Milwaukee Bucks,31,PF,25,152,229,North Carolina,2943221.0
Damien Inglis,Milwaukee Bucks,17,SF,21,157,246,nan,855000.0
O.J. Mayo,Milwaukee Bucks,3,SG,28,170,210,USC,8000000.0
Khris Middleton,Milwaukee Bucks,22,SG,24,158,234,Texas A&M,14700000.0
Greg Monroe,Milwaukee Bucks,15,C,26,167,265,Georgetown,16407500.0
Steve Novak,Milwaukee Bucks,6,SF,32,172,225,Marquette,295327.0
Johnny O'Bryant III,Milwaukee Bucks,77,PF,23,176,257,LSU,845059.0
Jabari Parker,Milwaukee Bucks,12,PF,21,164,250,Duke,5152440.0
Miles Plumlee,Milwaukee Bucks,18,C,27,159,249,Duke,2109294.0
Greivis Vasquez,Milwaukee Bucks,21,PG,29,175,217,Maryland,6600000.0
Rashad Vaughn,Milwaukee Bucks,20,SG,19,176,202,UNLV,1733040.0
Justin Anderson,Dallas Mavericks,1,SG,22,158,228,Virginia,1449000.0
J.J. Barea,Dallas Mavericks,5,PG,31,178,185,Northeastern,4290000.0
Jeremy Evans,Dallas Mavericks,21,SF,28,160,200,Western Kentucky,1100602.0
Raymond Felton,Dallas Mavericks,2,PG,31,158,205,North Carolina,3950313.0
Devin Harris,Dallas Mavericks,34,PG,33,164,185,Wisconsin,4053446.0
David Lee,Dallas Mavericks,42,PF,33,178,245,Florida,2085671.0
Wesley Matthews,Dallas Mavericks,23,SG,29,169,220,Marquette,16407500.0
JaVale McGee,Dallas Mavericks,11,C,28,156,270,Nevada,1270964.0
Salah Mejri,Dallas Mavericks,50,C,29,168,245,nan,525093.0
Dirk Nowitzki,Dallas Mavericks,41,PF,37,157,245,nan,8333334.0
Zaza Pachulia,Dallas Mavericks,27,C,32,150,275,nan,5200000.0
Chandler Parsons,Dallas Mavericks,25,SF,27,168,230,Florida,15361500.0
Dwight Powell,Dallas Mavericks,7,PF,24,174,240,Stanford,845059.0
Charlie Villanueva,Dallas Mavericks,3,PF,31,176,232,Connecticut,947276.0
Deron Williams,Dallas Mavericks,8,PG,31,161,200,Illinois,5378974.0
Trevor Ariza,Houston Rockets,1,SF,30,158,215,UCLA,8193030.0
Michael Beasley,Houston Rockets,8,SF,27,154,235,Kansas State,306527.0
Patrick Beverley,Houston Rockets,2,PG,27,162,185,Arkansas,6486486.0
Corey Brewer,Houston Rockets,33,SG,30,154,186,Florida,8229375.0
Clint Capela,Houston Rockets,15,PF,22,178,240,nan,1242720.0
Sam Dekker,Houston Rockets,7,SF,22,159,230,Wisconsin,1646400.0
Andrew Goudelock,Houston Rockets,0,PG,27,152,200,Charleston,200600.0
James Harden,Houston Rockets,13,SG,26,153,220,Arizona State,15756438.0
Montrezl Harrell,Houston Rockets,35,PF,22,152,240,Louisville,1000000.0
Dwight Howard,Houston Rockets,12,C,30,172,265,nan,22359364.0
Terrence Jones,Houston Rockets,6,PF,24,155,252,Kentucky,2489530.0
K.J. McDaniels,Houston Rockets,32,SG,23,175,205,Clemson,3189794.0
Donatas Motiejunas,Houston Rockets,20,PF,25,170,222,nan,2288205.0
Josh Smith,Houston Rockets,5,C,30,154,225,nan,947276.0
Jason Terry,Houston Rockets,31,SG,38,175,185,Arizona,947276.0
Jordan Adams,Memphis Grizzlies,3,SG,21,170,209,UCLA,1404600.0
Tony Allen,Memphis Grizzlies,9,SG,34,179,213,Oklahoma State,5158539.0
Chris Andersen,Memphis Grizzlies,7,PF,37,152,245,Blinn College,5000000.0
Matt Barnes,Memphis Grizzlies,22,SF,36,177,226,UCLA,3542500.0
Vince Carter,Memphis Grizzlies,15,SG,39,175,220,North Carolina,4088019.0
Mike Conley,Memphis Grizzlies,11,PG,28,174,175,Ohio State,9588426.0
Bryce Cotton,Memphis Grizzlies,8,PG,23,160,165,Providence,700902.0
Marc Gasol,Memphis Grizzlies,33,C,31,157,255,nan,19688000.0
JaMychal Green,Memphis Grizzlies,0,PF,25,169,227,Alabama,845059.0
P.J. Hairston,Memphis Grizzlies,19,SF,23,174,230,North Carolina,1201440.0
Jarell Martin,Memphis Grizzlies,10,PF,22,168,239,LSU,1230840.0
Zach Randolph,Memphis Grizzlies,50,PF,34,157,260,Michigan State,9638555.0
Lance Stephenson,Memphis Grizzlies,1,SF,25,173,230,Cincinnati,9000000.0
Brandan Wright,Memphis Grizzlies,34,PF,28,177,210,North Carolina,5464000.0
Alexis Ajinca,New Orleans Pelicans,42,C,28,163,248,nan,4389607.0
Ryan Anderson,New Orleans Pelicans,33,PF,28,158,240,California,8500000.0
Omer Asik,New Orleans Pelicans,3,C,29,165,255,nan,9213483.0
Luke Babbitt,New Orleans Pelicans,8,SF,26,159,225,Nevada,1100602.0
Norris Cole,New Orleans Pelicans,30,PG,27,169,175,Cleveland State,3036927.0
Dante Cunningham,New Orleans Pelicans,44,PF,29,162,230,Villanova,2850000.0
Anthony Davis,New Orleans Pelicans,23,PF,23,153,253,Kentucky,7070730.0
Bryce Dejean-Jones,New Orleans Pelicans,31,SG,23,165,203,Iowa State,169883.0
Toney Douglas,New Orleans Pelicans,16,PG,30,177,195,Florida State,1164858.0
James Ennis,New Orleans Pelicans,4,SF,25,153,210,Long Beach State,845059.0
Tyreke Evans,New Orleans Pelicans,1,SG,26,161,220,Memphis,10734586.0
Tim Frazier,New Orleans Pelicans,2,PG,25,159,170,Penn State,845059.0
Alonzo Gee,New Orleans Pelicans,15,SF,29,154,225,Alabama,1320000.0
Eric Gordon,New Orleans Pelicans,10,SG,27,180,215,Indiana,15514031.0
Jordan Hamilton,New Orleans Pelicans,25,SG,25,164,220,Texas,1015421.0
Jrue Holiday,New Orleans Pelicans,11,PG,25,176,205,UCLA,10595507.0
Orlando Johnson,New Orleans Pelicans,0,SG,27,159,220,UC Santa Barbara,55722.0
Kendrick Perkins,New Orleans Pelicans,5,C,31,164,270,nan,947276.0
Quincy Pondexter,New Orleans Pelicans,20,SF,28,173,220,Washington,3382023.0
LaMarcus Aldridge,San Antonio Spurs,12,PF,30,178,240,Texas,19689000.0
Kyle Anderson,San Antonio Spurs,1,SF,22,164,230,UCLA,1142880.0
Matt Bonner,San Antonio Spurs,15,C,36,177,235,Florida,947276.0
Boris Diaw,San Antonio Spurs,33,C,34,157,250,nan,7500000.0
Tim Duncan,San Antonio Spurs,21,C,40,157,250,Wake Forest,5250000.0
Manu Ginobili,San Antonio Spurs,20,SG,38,152,205,nan,2814000.0
Danny Green,San Antonio Spurs,14,SG,28,155,215,North Carolina,10000000.0
Kawhi Leonard,San Antonio Spurs,2,SF,24,162,230,San Diego State,16407500.0
Boban Marjanovic,San Antonio Spurs,40,C,27,168,290,nan,1200000.0
Kevin Martin,San Antonio Spurs,23,SG,33,174,199,Western Carolina,200600.0
Andre Miller,San Antonio Spurs,24,PG,40,157,200,Utah,250750.0
Patty Mills,San Antonio Spurs,8,PG,27,164,185,Saint Mary's,3578947.0
Tony Parker,San Antonio Spurs,9,PG,34,153,185,nan,13437500.0
Jonathon Simmons,San Antonio Spurs,17,SG,26,151,195,Houston,525093.0
David West,San Antonio Spurs,30,PF,35,150,250,Xavier,1499187.0
Kent Bazemore,Atlanta Hawks,24,SF,26,155,201,Old Dominion,2000000.0
Tim Hardaway Jr.,Atlanta Hawks,10,SG,24,156,205,Michigan,1304520.0
Kirk Hinrich,Atlanta Hawks,12,SG,35,177,190,Kansas,2854940.0
Al Horford,Atlanta Hawks,15,C,30,161,245,Florida,12000000.0
Kris Humphries,Atlanta Hawks,43,PF,31,168,235,Minnesota,1000000.0
Kyle Korver,Atlanta Hawks,26,SG,35,175,212,Creighton,5746479.0
Paul Millsap,Atlanta Hawks,4,PF,31,165,246,Louisiana Tech,18671659.0
Mike Muscala,Atlanta Hawks,31,PF,24,178,240,Bucknell,947276.0
Lamar Patterson,Atlanta Hawks,13,SG,24,162,225,Pittsburgh,525093.0
Dennis Schroder,Atlanta Hawks,17,PG,22,151,172,nan,1763400.0
Mike Scott,Atlanta Hawks,32,PF,27,168,237,Virginia,3333333.0
Thabo Sefolosha,Atlanta Hawks,25,SF,32,174,220,nan,4000000.0
Tiago Splitter,Atlanta Hawks,11,C,31,178,245,nan,9756250.0
Walter Tavares,Atlanta Hawks,22,C,24,155,260,nan,1000000.0
Jeff Teague,Atlanta Hawks,0,PG,27,173,186,Wake Forest,8000000.0
Nicolas Batum,Charlotte Hornets,5,SG,27,171,200,nan,13125306.0
Troy Daniels,Charlotte Hornets,30,SG,24,172,205,Virginia Commonwealth,947276.0
Jorge Gutierrez,Charlotte Hornets,12,PG,27,174,189,California,189455.0
Tyler Hansbrough,Charlotte Hornets,50,PF,30,167,250,North Carolina,947276.0
Aaron Harrison,Charlotte Hornets,9,SG,21,158,210,Kentucky,525093.0
Spencer Hawes,Charlotte Hornets,0,PF,28,154,245,Washington,6110034.0
Al Jefferson,Charlotte Hornets,25,C,31,164,289,nan,13500000.0
Frank Kaminsky III,Charlotte Hornets,44,C,23,164,240,Wisconsin,2612520.0
Michael Kidd-Gilchrist,Charlotte Hornets,14,SF,22,172,232,Kentucky,6331404.0
Jeremy Lamb,Charlotte Hornets,3,SG,24,176,185,Connecticut,3034356.0
Courtney Lee,Charlotte Hornets,1,SG,30,156,200,Western Kentucky,5675000.0
Jeremy Lin,Charlotte Hornets,7,PG,27,152,200,Harvard,2139000.0
Kemba Walker,Charlotte Hornets,15,PG,26,168,184,Connecticut,12000000.0
Marvin Williams,Charlotte Hornets,2,PF,29,173,237,North Carolina,7000000.0
Cody Zeller,Charlotte Hornets,40,C,23,163,240,Indiana,4204200.0
Chris Bosh,Miami Heat,1,PF,32,179,235,Georgia Tech,22192730.0
Luol Deng,Miami Heat,9,SF,31,167,220,Duke,10151612.0
Goran Dragic,Miami Heat,7,PG,30,159,190,nan,14783000.0
Gerald Green,Miami Heat,14,SF,30,162,205,nan,947276.0
Udonis Haslem,Miami Heat,40,PF,36,150,235,Florida,2854940.0
Joe Johnson,Miami Heat,2,SF,34,167,240,Arkansas,261894.0
Tyler Johnson,Miami Heat,8,SG,24,165,186,Fresno State,845059.0
Josh McRoberts,Miami Heat,4,PF,29,166,240,Duke,5543725.0
Josh Richardson,Miami Heat,0,SG,22,173,200,Tennessee,525093.0
Amar'e Stoudemire,Miami Heat,5,PF,33,158,245,nan,947276.0
Dwyane Wade,Miami Heat,3,SG,34,152,220,Marquette,20000000.0
Hassan Whiteside,Miami Heat,21,C,26,158,265,Marshall,981348.0
Justise Winslow,Miami Heat,20,SF,20,151,225,Duke,2481720.0
Dewayne Dedmon,Orlando Magic,3,C,26,162,245,USC,947276.0
Evan Fournier,Orlando Magic,10,SG,23,159,205,nan,2288205.0
Aaron Gordon,Orlando Magic,0,PF,20,180,220,Arizona,4171680.0
Mario Hezonja,Orlando Magic,23,SG,21,167,218,nan,3741480.0
Ersan Ilyasova,Orlando Magic,7,PF,29,156,235,nan,7900000.0
Brandon Jennings,Orlando Magic,55,PG,26,168,169,nan,8344497.0
Devyn Marble,Orlando Magic,11,SF,23,172,200,Iowa,845059.0
Shabazz Napier,Orlando Magic,13,PG,24,173,175,Connecticut,1294440.0
Andrew Nicholson,Orlando Magic,44,PF,26,160,250,St. Bonaventure,2380593.0
Victor Oladipo,Orlando Magic,5,SG,24,162,210,Indiana,5192520.0
Elfrid Payton,Orlando Magic,4,PG,22,161,185,Louisiana-Lafayette,2505720.0
Jason Smith,Orlando Magic,14,PF,30,169,240,Colorado State,4300000.0
Nikola Vucevic,Orlando Magic,9,C,25,175,260,USC,11250000.0
C.J. Watson,Orlando Magic,32,PG,32,151,175,Tennessee,5000000.0
Alan Anderson,Washington Wizards,6,SG,33,159,220,Michigan State,4000000.0
Bradley Beal,Washington Wizards,3,SG,22,166,207,Florida,5694674.0
Jared Dudley,Washington Wizards,1,SF,30,164,225,Boston College,4375000.0
Jarell Eddie,Washington Wizards,8,SG,24,178,218,Virginia Tech,561716.0
Drew Gooden,Washington Wizards,90,PF,34,158,250,Kansas,3300000.0
Marcin Gortat,Washington Wizards,13,C,32,160,240,nan,11217391.0
JJ Hickson,Washington Wizards,21,C,27,156,242,North Carolina State,273038.0
Nene Hilario,Washington Wizards,42,C,33,157,250,nan,13000000.0
Markieff Morris,Washington Wizards,5,PF,26,179,245,Kansas,8000000.0
Kelly Oubre Jr.,Washington Wizards,12,SF,20,166,205,Kansas,1920240.0
Otto Porter Jr.,Washington Wizards,22,SF,23,153,198,Georgetown,4662960.0
Ramon Sessions,Washington Wizards,7,PG,30,157,190,Nevada,2170465.0
Garrett Temple,Washington Wizards,17,SG,30,169,195,LSU,1100602.0
Marcus Thornton,Washington Wizards,15,SF,29,165,205,LSU,200600.0
John Wall,Washington Wizards,2,PG,25,153,195,Kentucky,15851950.0
Darrell Arthur,Denver Nuggets,0,PF,28,165,235,Kansas,2814000.0
D.J. Augustin,Denver Nuggets,12,PG,28,150,183,Texas,3000000.0
Will Barton,Denver Nuggets,5,SF,25,160,175,Memphis,3533333.0
Wilson Chandler,Denver Nuggets,21,SF,29,176,225,DePaul,10449438.0
Kenneth Faried,Denver Nuggets,35,PF,26,150,228,Morehead State,11235955.0
Danilo Gallinari,Denver Nuggets,8,SF,27,153,225,nan,14000000.0
Gary Harris,Denver Nuggets,14,SG,21,180,210,Michigan State,1584480.0
Nikola Jokic,Denver Nuggets,15,C,21,154,250,nan,1300000.0
Joffrey Lauvergne,Denver Nuggets,77,C,24,161,220,nan,1709719.0
Mike Miller,Denver Nuggets,3,SG,36,177,218,Florida,947276.0
Emmanuel Mudiay,Denver Nuggets,0,PG,20,159,200,nan,3102240.0
Jameer Nelson,Denver Nuggets,1,PG,34,160,190,Saint Joseph's,4345000.0
Jusuf Nurkic,Denver Nuggets,23,C,21,165,280,nan,1842000.0
JaKarr Sampson,Denver Nuggets,9,SG,23,171,214,St. John's,258489.0
Nemanja Bjelica,Minnesota Timberwolves,88,PF,28,167,240,nan,3950001.0
Gorgui Dieng,Minnesota Timberwolves,5,C,26,162,241,Louisville,1474440.0
Kevin Garnett,Minnesota Timberwolves,21,PF,40,178,240,nan,8500000.0
Tyus Jones,Minnesota Timberwolves,1,PG,20,154,195,Duke,1282080.0
Zach LaVine,Minnesota Timberwolves,8,PG,21,160,189,UCLA,2148360.0
Shabazz Muhammad,Minnesota Timberwolves,15,SF,23,169,223,UCLA,2056920.0
Adreian Payne,Minnesota Timberwolves,33,PF,25,174,237,Michigan State,1938840.0
Nikola Pekovic,Minnesota Timberwolves,14,C,30,151,307,nan,12100000.0
Tayshaun Prince,Minnesota Timberwolves,12,SF,36,155,212,Kentucky,947276.0
Ricky Rubio,Minnesota Timberwolves,9,PG,25,164,194,nan,12700000.0
Damjan Rudez,Minnesota Timberwolves,10,SF,29,164,230,nan,1149500.0
Karl-Anthony Towns,Minnesota Timberwolves,32,C,20,166,244,Kentucky,5703600.0
Andrew Wiggins,Minnesota Timberwolves,22,SG,21,156,199,Kansas,5758680.0
Steven Adams,Oklahoma City Thunder,12,C,22,163,255,Pittsburgh,2279040.0
Nick Collison,Oklahoma City Thunder,4,PF,35,176,255,Kansas,3750000.0
Kevin Durant,Oklahoma City Thunder,35,SF,27,169,240,Texas,20158622.0
Randy Foye,Oklahoma City Thunder,6,SG,32,170,213,Villanova,3135000.0
Josh Huestis,Oklahoma City Thunder,34,SF,24,172,230,Stanford,1140240.0
Serge Ibaka,Oklahoma City Thunder,9,PF,26,169,245,nan,12250000.0
Enes Kanter,Oklahoma City Thunder,11,C,24,151,245,Kentucky,16407500.0
Mitch McGary,Oklahoma City Thunder,33,PF,24,169,255,Michigan,1463040.0
Nazr Mohammed,Oklahoma City Thunder,13,C,38,178,250,Kentucky,222888.0
Anthony Morrow,Oklahoma City Thunder,2,SG,30,174,210,Georgia Tech,3344000.0
Cameron Payne,Oklahoma City Thunder,22,PG,21,157,185,Murray State,2021520.0
Andre Roberson,Oklahoma City Thunder,21,SG,24,152,210,Colorado,1210800.0
Kyle Singler,Oklahoma City Thunder,5,SF,28,171,228,Duke,4500000.0
Dion Waiters,Oklahoma City Thunder,3,SG,24,160,220,Syracuse,5138430.0
Russell Westbrook,Oklahoma City Thunder,0,PG,27,178,200,UCLA,16744218.0
Cliff Alexander,Portland Trail Blazers,34,PF,20,165,240,Kansas,525093.0
Al-Farouq Aminu,Portland Trail Blazers,8,SF,25,151,215,Wake Forest,8042895.0
Pat Connaughton,Portland Trail Blazers,5,SG,23,168,206,Notre Dame,625093.0
Allen Crabbe,Portland Trail Blazers,23,SG,24,160,210,California,947276.0
Ed Davis,Portland Trail Blazers,17,C,27,150,240,North Carolina,6980802.0
Maurice Harkless,Portland Trail Blazers,4,SF,23,171,215,St. John's,2894059.0
Gerald Henderson,Portland Trail Blazers,9,SG,28,162,215,Duke,6000000.0
Chris Kaman,Portland Trail Blazers,35,C,34,152,265,Central Michigan,5016000.0
Meyers Leonard,Portland Trail Blazers,11,PF,24,156,245,Illinois,3075880.0
Damian Lillard,Portland Trail Blazers,0,PG,25,152,195,Weber State,4236287.0
C.J. McCollum,Portland Trail Blazers,3,SG,24,175,200,Lehigh,2525160.0
Luis Montero,Portland Trail Blazers,44,SG,23,155,185,Westchester CC,525093.0
Mason Plumlee,Portland Trail Blazers,24,C,26,174,235,Duke,1415520.0
Brian Roberts,Portland Trail Blazers,2,PG,30,160,173,Dayton,2854940.0
Noah Vonleh,Portland Trail Blazers,21,PF,20,154,240,Indiana,2637720.0
Trevor Booker,Utah Jazz,33,PF,28,153,228,Clemson,4775000.0
Trey Burke,Utah Jazz,3,PG,23,159,191,Michigan,2658240.0
Alec Burks,Utah Jazz,10,SG,24,152,214,Colorado,9463484.0
Dante Exum,Utah Jazz,11,PG,20,163,190,nan,3777720.0
Derrick Favors,Utah Jazz,15,PF,24,166,265,Georgia Tech,12000000.0
Rudy Gobert,Utah Jazz,27,C,23,165,245,nan,1175880.0
Gordon Hayward,Utah Jazz,20,SF,26,154,226,Butler,15409570.0
Rodney Hood,Utah Jazz,5,SG,23,158,206,Duke,1348440.0
Joe Ingles,Utah Jazz,2,SF,28,166,226,nan,2050000.0
Chris Johnson,Utah Jazz,23,SF,26,176,206,Dayton,981348.0
Trey Lyles,Utah Jazz,41,PF,20,155,234,Kentucky,2239800.0
Shelvin Mack,Utah Jazz,8,PG,26,163,203,Butler,2433333.0
Raul Neto,Utah Jazz,25,PG,24,154,179,nan,900000.0
Tibor Pleiss,Utah Jazz,21,C,26,177,256,nan,2900000.0
Jeff Withey,Utah Jazz,24,C,26,172,231,Kansas,947276.0
Priyanka,Utah Jazz,34,C,25,169,231,Kansas,947276.0
